{"fisheye": false, "flip": false, "crop": "[0:480,1440:2160]", "matrix": [[247.1082026732928, 0.0, 360.70049792423174], [0.0, 301.36085826713696, 244.4044968102508], [0.0, 0.0, 1.0]], "distortion": [[-0.18398003706693816], [0.03638636897202072], [-0.0008276481876135118], [-0.0006830199924813016], [-0.0031183540334207287]]}