{"fisheye": false, "flip": false, "crop": "[0:480,0:720]", "matrix": [[244.3550667917416, 0.0, 358.87164248273467], [0.0, 298.27107563508184, 242.91536765669065], [0.0, 0.0, 1.0]], "distortion": [[-0.17542552418014465], [0.03170908258503197], [0.0009159040427357022], [-0.00022206846520773203], [-0.0024918963591926383]]}