{"fisheye": false, "flip": true, "crop": "[0:480,720:1440]", "matrix": [[246.58159896969312, 0.0, 368.3471843731613], [0.0, 301.1089861373469, 246.67628708037682], [0.0, 0.0, 1.0]], "distortion": [[-0.1739106433203726], [0.031425641462526674], [0.000874976413388222], [0.000537793822097344], [-0.0025236455343804415]]}